pdf_page,sequence_page,printed_page_observed,page_note,kind,ocr_words,mean_engine_confidence,low_confidence_words,status,sha256
2,,,Page label not individually verified,title,38,73.45,10,raw_unverified,d9b7f5505ad4d1eb2faddd3814a6914f5c680c4aa679b6479ea993fca4b69f1f
3,,,Page label not individually verified,blank,0,,0,raw_unverified,e3b0c44298fc1c149afbf4c8996fb92427ae41e4649b934ca495991b7852b855
4,1,,Page label not individually verified,body,50,75.61,9,raw_unverified,f67194730832c578ddc32abb4eaf729672c255c6d5835076a5d2fd220fea2901
5,2,,Page label not individually verified,body,261,85.14,31,raw_unverified,891c2604ce4e6959b134fb5c69a1cc74ceb810f32ad3ebdecb0760bca8e79cbf
6,3,,Page label not individually verified,body,336,86.51,29,raw_unverified,7f4ca5467bef2d6daee4d18961c691df0333bb88a5730a3d45838581335f9712
7,4,,Page label not individually verified,body,261,87.67,17,raw_unverified,5e5d4b2b96d72da994a6da4e52660ab85786d9405a5ac8c25ea0be9007f85639
8,5,,Page label not individually verified,body,281,83.98,29,raw_unverified,86b62d494b37d222aa394365f8bb157905cd862a0bed1e84b56aa3d41b17d2c4
9,6,,Page label not individually verified,body,259,84.18,32,raw_unverified,5a0be406b2cf17e2956c497a385273dc9e1c4438ce697a42ca676e00364921fb
10,7,,Page label not individually verified,body,290,86.59,25,raw_unverified,6a108a83894adc0627edbddcdeb2f4baf501ed1531bec43eef002ada6c4017cb
11,8,,Page label not individually verified,body,208,82.72,33,raw_unverified,d33d2318c8dc9c357f96730b4f5045dd1fdfd07a378df8653affa8517f6996de
12,9,,Page label not individually verified,body,168,69.76,54,raw_unverified,8b89c1d5404cae0e1f9bf31796e80bda779e0a6e0d93f751d43dc0696ac9f8e3
13,10,,Page label not individually verified,body,155,82.8,20,raw_unverified,bacb7bb15baa236b361cad9329402c3852acfbe2d70a00414bb14c42ccd7eaf8
14,11,,Page label not individually verified,body,211,82.72,24,raw_unverified,8c3b50f1414e4c931fe6a779a6a28fd7bec21bfc3dae1b6eeae3dbea26070deb
15,12,,Page label not individually verified,body,356,81.64,51,raw_unverified,ec08e19055f98316734e2f0a95f898d0f7a51490839ee544103b8e07900bdb8f
16,13,,Page label not individually verified,body,239,78.76,39,raw_unverified,d3353cbee2f63138b6167c52275e9d0ee3417787c1d5fc893acd45c91dfebe34
17,14,,Page label not individually verified,body,344,85.84,37,raw_unverified,ad0e2e75e5ced34dd7ff44ecea8828d31cea62bf2733d1d4ff30b759dd41bf4f
18,15,,Page label not individually verified,body,295,79.59,49,raw_unverified,e62879f5e66f70466b588af586e222d81d45567921dc1e237c30e8976324d2ec
19,16,,Page label not individually verified,body,232,84.3,27,raw_unverified,ae07f978b3d894098855ad0904789166dcf57383bb7a95df65f5eaa6b3d9e8ba
20,17,,Page label not individually verified,body,341,79.96,55,raw_unverified,82c181aadecb080db69c0dc38ae07c8be7bb43f003c18d5c01a184781e31d829
21,18,,Page label not individually verified,body,281,82.31,36,raw_unverified,15fe7857b7993d72657ef8c7049efcef650b6f8f9e5c77325323a756885274b0
22,19,,Page label not individually verified,body,288,83.5,33,raw_unverified,2d77051fb8be83473e0224b99749f4362789321cebb41cb7a85e443df42aac7b
23,20,,Page label not individually verified,body,313,84.01,30,raw_unverified,3a24541a95219481d057dbc3503081541dbe8dd0d0170facb936ebe4691b16ef
24,21,,Page label not individually verified,body,329,81.07,52,raw_unverified,a3c81455feaf37225099d73476aab75ba6d14de854d4d7a026a0e7e966e15fe5
25,22,,Page label not individually verified,body,222,85.71,22,raw_unverified,5ca1808e6ccc0daeab8344cdcd2001bf7788407ca985615aee19eac87dc7da7c
26,23,,Page label not individually verified,body,249,75.18,63,raw_unverified,d14d9598e064af70d37a1327fb7a75bd4ab1e8b640510684ea52313e9a57eb9f
27,24,,Page label not individually verified,body,151,69.86,44,raw_unverified,2f467096dd7c2e640159915885914def8df32f3b3e4bcf9e7d70632109437edc
28,25,,Page label not individually verified,body,88,66.23,32,raw_unverified,6a763cd1b69fb25af6909b3d8afe749430fb3f9a72c97f60ca7bee66329e4a52
29,26,,Page label not individually verified,body,208,77.56,41,raw_unverified,3cb92c5d9c355532704925f8e9f26ecd4c550fa227c424bb0df70edfe2a82cc4
30,27,,Page label not individually verified,body,267,82.04,38,raw_unverified,cfc14c33951bfadb8c0e7f3837bd014c7df76ed4fe7a0dc2685c138619639593
31,28,,Page label not individually verified,body,266,86.52,22,raw_unverified,173705a8396107acc3ac19beaa62f704828fec0e6f433f96ac267f94b697f092
32,29,,Page label not individually verified,body,276,86.08,25,raw_unverified,f27f5ab14ef8fa2ff91d1e2a41508daaa7076dd3d9a45f4c84037d3f37d8f85a
33,30,,Page label not individually verified,body,222,85.76,22,raw_unverified,5fd80f6fa31c27a40bea5582f2a86ead466b016f5dc2423c6e054190e31bcf67
34,31,,Page label not individually verified,body,217,77.47,41,raw_unverified,bd74d7baa1bbc36c26b79a4063fd882d6106cb88c79de25e91b75038758a8fbd
35,32,,Page label not individually verified,body,110,70.65,31,raw_unverified,ca2136a4c1cb56a4840501feb6d99f384c5f74ff3d580fe9e6b653afd5fc1b21
36,33,,Page label not individually verified,body,14,69.1,3,raw_unverified,d108bc91b7a3b4e46b904a528b3c882788f82f1128999a4e21c6806cb2f77909
37,34,,Page label not individually verified,body,264,80.27,46,raw_unverified,b26c1c94b1ecfa257fc8c30ec0371475207da140d16cb001c490e26cfff0a9cd
38,35,,Page label not individually verified,body,305,80.52,49,raw_unverified,54057dfea69e987f42598ab7e50d88b9017192d86d41071f36b61689f04e5a50
39,36,,Page label not individually verified,body,240,84.43,28,raw_unverified,d39dc936ab88240f192a1a798504d36fbd474e2cd04fb6910cf5e633e3a5b14e
40,37,,Page label not individually verified,body,303,87.4,18,raw_unverified,34f10a4f822c789c80b4a69d720dae5b8f18fb3a00a3b606ae38792fb3b4a287
41,38,,Page label not individually verified,body,280,81.58,40,raw_unverified,5f4322c1f290e79c1c141fd27a16c9101ce9eba1c394d98b4e0aa7866ac1feb4
42,39,,Page label not individually verified,body,321,77.43,62,raw_unverified,b832a9941deef6c501be919bab7f8b4f80c8c8c2ffada389fd1dfb0ec124766b
43,40,,Page label not individually verified,body,371,76.57,88,raw_unverified,fdee13cbeaf4bd5a7e55c5ff4a63ed15eed6614396f0ae175563001713e573ab
44,41,,Page label not individually verified,body,139,73.49,36,raw_unverified,41e8e763d26869a79886395ee906e8bb4a313f0e8c8867c26d86f1c747e8fdd7
45,42,,Page label not individually verified,body,286,83.2,35,raw_unverified,97b1e2a321d1a66ba7879ba31d2dfa96fd8cd98f0caec55c175d2a3cb84ca8d5
46,43,,Page label not individually verified,body,328,74.73,70,raw_unverified,f736297f7a896aff31984ef82b172a6b1c64042f36e3782ed94ec883141c8927
47,44,,Page label not individually verified,body,1,86.01,0,raw_unverified,fd63c9ee4ec16073628594b194f99184b96b8abaf2619104949bafed965376cc
48,45,,Page label not individually verified,body,282,77.42,61,raw_unverified,1f0499a077ef1cafa988ea4e11d8ee77de67d3a4f03805d79532fbc8d73ea625
49,46,,Page label not individually verified,body,369,80.39,52,raw_unverified,4292f3624290768fabe52cfa1fd8d40c62dc2aeec7d2e485b7fdb9bd361803d6
50,47,,Page label not individually verified,body,324,79.72,54,raw_unverified,43154debb17cea4d5ba566edec9557b5bcd67a67a7e0fb18ebfd9df1de498a1d
51,48,,Page label not individually verified,body,294,77.21,59,raw_unverified,9851ad6e610ffa871128cb1cd3e229dfdfc7c7b04cc88a0e2f5e2723a37b46b0
52,49,,Page label not individually verified,body,296,82.31,40,raw_unverified,7da3c62cd91ef20ed7eef217b82a01c1cb1d77b20f3b06f0820ff0613a2b4b2d
53,50,,Page label not individually verified,body,175,65.56,63,raw_unverified,643e1b2ea1dd1b7d43b2e85211b3b217fb99346a5b1136414cebb72351355265
54,51,,Page label not individually verified,body,278,75.25,71,raw_unverified,029314ca7e1654d0ebfd4a91ae6da7eaee959277309d6fd045a6f65336e497e2
55,52,,Page label not individually verified,body,220,69.56,70,raw_unverified,10dd03c9a44318b766d1d992a66aa7ba95befa28780ec89a2e36baf18b3e3567
56,53,,Page label not individually verified,body,188,65.73,67,raw_unverified,f4fb942fcd4494359f08165a9625b77290e67171e31386ce1f11723ba02bbff8
57,54,,Page label not individually verified,body,333,59.07,152,raw_unverified,1ea6ab54a024e53a633c2267a50602ab23000206847552353633ce07ed0e0484
58,55,,Page label not individually verified,body,66,55.54,33,raw_unverified,933b17ec9b103b6d3dfe57311ece1474d1636b7135c387ed1ad7ee7d036516d5
59,56,,Page label not individually verified,body,159,83.89,15,raw_unverified,c229cc7c3bd06a3b562704b5f8a58b60f20c9879eeddc3bcd29627ca8b7204d3
60,57,,Page label not individually verified,body,232,77.16,42,raw_unverified,3d27c7d88af2a7583358514095f98d82a483f7ce3553f2eb9069d686ed2c9567
61,58,,Page label not individually verified,body,1,35.86,1,raw_unverified,8b19f0dd67815db43696ec4fbfe254d5581f2ccec669605f92c21d6c599cda0a
62,59,,Page label not individually verified,body,266,74.32,59,raw_unverified,1ea055b6ba64ffa02eaa6b0067ed70c52197ae386799a9c4a2a66fd7e2efdbb5
63,60,,Page label not individually verified,body,174,75.06,43,raw_unverified,52ccef0e5552b7cb48dd01b2fa4c60dcd31c9b753cc9740c794c7ee60865c6f1
64,61,,Page label not individually verified,body,151,76.96,32,raw_unverified,914aa4781a35f903034506682e48e98a0c4857b452cf6c327b7d5639c6d6c389
65,62,,Page label not individually verified,body,173,67.75,64,raw_unverified,4c9389f7982e41fdd74a7933f64be65318993ce1dc63e220503cda36e0edf0bb
66,63,,Page label not individually verified,body,297,74.55,73,raw_unverified,68ae0c420d968f8dff41076d5a08bbe160ace071b89650c67a40e3e73d487725
67,64,,Page label not individually verified,body,242,67.09,80,raw_unverified,8b16e49eaebdd7c9ed7ad54ae24302c9d603dfb657c20dee372ae33654efd60e
68,65,,Page label not individually verified,body,142,72.32,41,raw_unverified,84a6d349064638167695d3186da010450c88362a5e51d68c179fcf93baa140b2
69,66,,Page label not individually verified,body,172,68.68,56,raw_unverified,7feb437e336b1df34d2917c47a4e47a96e689b0e9c738c5fee521c4ad76bac79
70,67,,Page label not individually verified,body,249,66.31,90,raw_unverified,c70cacfca96ea44cd11aa2901e0d3af2270565eaeeb02b56c3d3b280232c74e1
71,68,,Page label not individually verified,body,193,71.47,54,raw_unverified,b22519e4e433a4784018c9a29cdcbd1b940a6d610852218f60fa6d3343c8978a
72,69,,Page label not individually verified,body,115,60.87,50,raw_unverified,d0d92d63c3afcd12216778cf7482a46ec5357144a9325abdc02e0ad15e5abbc6
73,70,,Page label not individually verified,body,282,68.08,86,raw_unverified,6baa1135ea5ae2157ee543a6e6f761c028a56da8d3d61c8c1c9a4f56c79e3ef6
74,71,,Page label not individually verified,body,272,78.85,47,raw_unverified,3b7d8f2d0defaee5da8623ad69243625afa32905e433baf2d7d699ef22f4bf6e
75,72,,Page label not individually verified,body,161,59.22,76,raw_unverified,1f7549a32221546c501b828a2317feb255d2a37adbd71527b318b26f57bb7270
76,73,,Page label not individually verified,body,171,74.45,40,raw_unverified,a309c0e4b07128b21b401230075b969540bc584fc1d26433f14fdc642824ef4c
77,74,,Page label not individually verified,body,228,67.16,78,raw_unverified,42763d1a9c284a82985c55d4d958d1b38c29b062cb646bea0334738fe13b9113
78,75,,Page label not individually verified,body,220,82.6,28,raw_unverified,13133a84b71f2b7189411ed40c5ceb6b79a46149708a8c2bc9013db475d2acca
79,76,,Page label not individually verified,body,301,84.05,38,raw_unverified,8c3049888936f451a9475c049a8322ae128ce1c0e9a47690e30ec9ce79f6ed1c
80,77,,Page label not individually verified,body,236,69.02,75,raw_unverified,edaf1278e80363c4c19aaeb5e0ce01d7486c5323eb3edd4c120338375e3b0afc
81,78,,Page label not individually verified,body,207,67.67,65,raw_unverified,a037a07f30eae6a5c77e31f39cfd1a0f40afbff6eb985202f9d2c707c5cd8d3d
82,79,,Page label not individually verified,body,205,68.22,58,raw_unverified,927a1e470a94b83b4b79fcd2c7d73e5830ad7a857ce48a2a7a30dce7664598ae
83,80,,Page label not individually verified,body,13,57.07,6,raw_unverified,365ebc80821bb0f29775831158f991a8cc0febdfa61ec7b02366117e395d67b9
84,81,,Page label not individually verified,body,243,75.52,60,raw_unverified,1201e6da73c281a81d205da0f28fe6089b9251108929cf3ca070a3c39ad363b6
85,82,,Page label not individually verified,body,197,63.97,71,raw_unverified,8e585935bdbd22094b323a5b31a6d2098472096ae13eafe89cb57d57e8089c42
86,83,,Page label not individually verified,body,249,80.53,38,raw_unverified,1423d34fa3537c9d89f71c4060e0fd6999cc7bb8745dcb5d1bb85a6e27160860
87,84,,Page label not individually verified,body,207,68.72,65,raw_unverified,bd48e8a95376aedeb4c018adaacd878e6e31772471cca226ec7e41ad2202baa4
88,85,,Page label not individually verified,body,171,59.56,83,raw_unverified,b920ff2e1193cb0910ee8d05657d0a3c343d00478778f7ab8a015a3b39657271
89,86,,Page label not individually verified,body,72,40.65,55,raw_unverified,520b7fa3164f58d948083da25d8676bdf9753dc1897c7f4c32ec27ca7a14ce78
90,87,,Page label not individually verified,body,283,78.93,52,raw_unverified,07ecb13233bfda950b6ff24947eb40469fa406b3ba4cceda83f4c4c3ad3a5c8e
91,88,,Page label not individually verified,body,146,82.4,19,raw_unverified,e2599dc8fabf614eb94dadfff2d7fd79931d5a046b82e84069591a595afd0609
92,89,,Page label not individually verified,body,207,53.69,107,raw_unverified,ff354ed856e910978a234251addbc402cd377aa00f37d5f7c1e8e879c020f3c1
93,90,,Page label not individually verified,body,224,70.71,65,raw_unverified,6fb26d06a856cf86ee2854ea462a07fd41fedd4982260ca0be3fb9c71b47420b
94,91,,Page label not individually verified,body,185,72.96,52,raw_unverified,5ef76abaefbc0aa6959dc93efc596ecfeb253f7c8ed673761a27a2cbf12808d1
95,92,,Page label not individually verified,body,304,80.06,49,raw_unverified,cc1c67fdda369c853900cdf0b2a585e27ff474ac341e6f9754c6991d3c08515e
96,93,,Page label not individually verified,body,324,78.63,62,raw_unverified,3f95ff29155a2be6aa986fda1648535647b2be79bb29ea3140b82307fd8ce0ef
97,94,,Page label not individually verified,body,264,71.0,82,raw_unverified,85c9cab8e6d19d453a7160848405818a6a1029c9a6e666e7c856e7c91d27fd0c
98,95,,Page label not individually verified,body,218,61.91,95,raw_unverified,5371b963d0d8b159c184636425d8636f869f8232ac4e49f6078116a51781571e
99,96,,Page label not individually verified,body,312,79.18,54,raw_unverified,fc45dc11e27eae298f7b500e1ae34e4dd72a44cb1c31d77ad40c7b034b54703c
100,97,,Page label not individually verified,body,97,76.16,20,raw_unverified,123c462b3367bc21508276a16f1b0913d9b1fec2236e2262a31b7bbfb69d029e
101,98,,Page label not individually verified,body,254,68.47,81,raw_unverified,fa645e642b0cc0bca6464230aabfadf85bb4400a5163f86ac7c438a555fc91af
102,99,,Page label not individually verified,body,241,81.55,37,raw_unverified,c02f176569647aa985516e8c9e40de4803c5ab2eff94b7257af4bc79e242be5c
103,100,,Page label not individually verified,body,299,76.85,67,raw_unverified,a87b368ff803afb55ade71497737872d7f9b9206362bc6eeab2f3af77534b13d
104,101,,Page label not individually verified,body,84,78.68,16,raw_unverified,2698eb9efbc845a2471a6aec24019f2b71218b3feccf35ed58d8d85dc2ad8e63
105,102,,Page label not individually verified,body,178,70.29,52,raw_unverified,d21cf2ab304acdf6cf91aa3431ba2dfd913bbc293f12809f2088c9d6dc2c8685
106,103,,Page label not individually verified,body,212,69.77,64,raw_unverified,4143fc3df7d4c2de9dd18934ebfe6ecc49348f4911cd09fc80bfd4433c15a4fe
107,104,,Page label not individually verified,body,314,70.06,95,raw_unverified,08217f8f896e10447c55f26032a43d18361996fc02cd9a41e27ef720a6a5fa19
108,105,,Page label not individually verified,body,238,74.2,53,raw_unverified,187e443c1ba558ab277c687cceb5cf7c9ed57995e5bb1d02ff98da067f52930b
109,106,,Page label not individually verified,body,242,67.66,78,raw_unverified,f7611b559cfbc4814ca20d43cd065a781536969d9493e7c54bc071008721a300
110,107,,Page label not individually verified,body,206,65.52,79,raw_unverified,042d918cf8ce845ba9a72154a01eede132b89ef8c9be91dd5992a025a1593f07
111,108,,Page label not individually verified,body,95,56.33,48,raw_unverified,29e8b30c71411f3266ebb69e0000f3165d544b409ffcc8b31ac53516a0198946
112,109,,Page label not individually verified,body,104,55.62,56,raw_unverified,9876f69ae01a6dc9f2960dc88fd0defd8a330e99becb457523802d2ec0d74e81
113,110,,Page label not individually verified,body,177,59.91,88,raw_unverified,45ba5d10a084f75fcd2d77a905ed98f62962a421b3f54f7f399d2422d4c4dc19
114,111,,Page label not individually verified,body,225,66.5,83,raw_unverified,88efb6c02b055ad94e61a44550b2303dbc619509fa237bdb98d48405ab28dfbd
115,112,,Page label not individually verified,body,214,68.85,74,raw_unverified,7377083199aae044399d9061ef8a2923a7973e7514238dc77c63fe223b2abf14
116,113,,Page label not individually verified,body,279,78.38,58,raw_unverified,443286828212ffb9660045f8500e8e0a95052120db9177756197e09d1540eb28
117,114,,Page label not individually verified,body,298,72.85,80,raw_unverified,f23c8d652140fa7548978ff561656609831e0f9830c55ddaeccc810e43ad503a
118,115,,Page label not individually verified,body,172,69.28,56,raw_unverified,65ac4d05a36e9cdc5884ffd62721f184e03cad2738feda2ad1b82edcf2d3e992
119,116,,Page label not individually verified,body,93,49.82,57,raw_unverified,fbfb95a7f91c64a505278be215f7c9cdb19b60a1f9cdc0b2a04c8d1d5629288c
120,117,,Page label not individually verified,body,113,52.79,65,raw_unverified,3b336e6692f01f4abe6eea35a614f9b853d0c25d440df2d6566a545e450145a2
121,118,,Page label not individually verified,body,314,68.52,96,raw_unverified,23420444a589cad3298964861274a556e71971c73456600bf3e271dac71ea4e4
122,119,,Page label not individually verified,body,119,80.8,17,raw_unverified,03ba3b63dcc49459548fe620e8b544362108f03426b078ae9c66620759bd8ed2
123,120,,Page label not individually verified,body,216,75.18,54,raw_unverified,6afa21fa638fce74fd7f7fc2515e4fbb55582e91328383cb3ad2316b92d24ccb
124,121,,Page label not individually verified,body,307,76.59,70,raw_unverified,bb2941aa6b5b06314a194d50ca5977658eb29e6d9122fe8bc51ba0da1775c57f
125,122,,Page label not individually verified,body,276,70.57,86,raw_unverified,d399cce947bbab711800f5fb6e82f3fd6517de30dd8fea2b082aba5e777d1233
126,123,,Page label not individually verified,body,69,58.54,36,raw_unverified,40e35d9d0bc6040ba9800cdae033f17dbd7050be90ac8ebce53f86bd42cb5da1
127,124,,Page label not individually verified,body,286,71.47,79,raw_unverified,8a792bffed8cc0ae8983e43f16c071cba0d2f277a40ac7b09bd2509759069acf
128,125,,Page label not individually verified,body,290,65.28,107,raw_unverified,64239258d20c0367f7d3f4eb25957246162fa37d79683a8193796cac29b041d6
129,126,,Page label not individually verified,body,212,70.06,64,raw_unverified,58c105fbf14f1e676337ae08a7d32c292447eed7c92369c79c0cbd15069f55ba
130,127,,Page label not individually verified,body,102,60.15,42,raw_unverified,cff32835d3c57dbe2db2e7599dbf4d72fabb7ea7e59285e51389f869aaff546c
131,128,,Page label not individually verified,body,105,69.31,36,raw_unverified,1cca397dd4a6e4137f9dda8e09fd6074f69aace76a09d069bd9a44c269c8c041
132,129,,Page label not individually verified,body,195,86.52,14,raw_unverified,d11a660fc6fc7149e700920383919a14f9fe7cf661b93ed0e958e6818391a6e7
133,130,,Page label not individually verified,body,244,83.36,29,raw_unverified,d1f88387cabe2ffae3f876465b1ff707074f330bf18d1b50554203c1ca859aa8
134,131,,Page label not individually verified,body,78,79.16,15,raw_unverified,f3b7c4b688df52c193c3ddcf49120423e1e3e2316e9406106e308b379abc87de
135,132,,Page label not individually verified,body,173,63.55,70,raw_unverified,1f1d1dace7008519523954de2f0edd9c984ed8d6a5deb5883f1676179e1131d7
136,133,,Page label not individually verified,body,171,65.4,61,raw_unverified,81145014796a04a737da923020288f858816a36bf88675f9814d3bdaf16c4641
137,134,,Page label not individually verified,body,128,72.59,32,raw_unverified,c422e5a00ff10ade634361f1fc4c1d959860cf93aae012a83c40c25fe5201bc3
138,135,,Page label not individually verified,body,302,71.46,82,raw_unverified,94b7807994b666fc31dd6cae08ae62d69fae5a52335133505cda9701e886a50d
139,136,,Page label not individually verified,body,150,66.37,54,raw_unverified,9962f6b498ac2c6c7c2be4350c57ce7613048eca5ad159fc8c419c6065419e5e
140,137,,Page label not individually verified,body,325,71.48,91,raw_unverified,e6580a923c9f1acea075bd546046c803910273431a2fe1c80e56d2ea96e2a69f
141,138,,Page label not individually verified,body,286,77.11,54,raw_unverified,804314188d0df8e412bd55b885e80e4bd269d68a40c1837237ac679f30fef6a5
142,139,,Page label not individually verified,body,228,61.07,93,raw_unverified,3652fd3cfbb9243bd8cad460eb264d199dfbb312e2111fd38486bfe85edd31a7
143,140,,Page label not individually verified,body,301,68.57,95,raw_unverified,46b738b9accc4d0662be3c71962d1cb1bbdde2137b679c69e851eba8a572d833
144,141,,Page label not individually verified,body,309,61.99,130,raw_unverified,811f4b8b493270b211695b06afe8eca0b76dc0dcc0ee8532f2fb9fcfde903a80
145,142,,Page label not individually verified,body,218,62.17,97,raw_unverified,8282d4437375431eb47aa235bb2b7870bff209356a7ed8375ac0787c49655af2
146,143,,Page label not individually verified,body,109,50.45,61,raw_unverified,4f692ca40ffdd1a8ddf5fa9dc61d469828af93f084edc72500ed41f7c6b3905b
147,144,,Page label not individually verified,body,67,65.55,25,raw_unverified,825b38ff9b2b3cd8a38cc0093837a8d9403af84718c9807b40fcfef48f4f74bf
148,145,,Page label not individually verified,body,305,80.82,47,raw_unverified,a3ab60d21b5b1d13ff6706891740ef7bc6edb5941d25af6b6d77bec22f8898bc
149,146,,Page label not individually verified,body,325,81.85,38,raw_unverified,c405359d31e9cf7c1a8f13c82cf13163e78fa941786c63743cad0f141aa73c52
150,147,,Page label not individually verified,body,296,81.36,48,raw_unverified,f2ecdfb5dac6a477dbb20e5077f4f0bb996d50f19c03b1ea87c2d9cc9f76942f
151,148,,Page label not individually verified,body,206,68.89,65,raw_unverified,555f357546c28849064d93414b4fcc6e2a0c6e2305378bd454a0d5dc6c800e87
152,149,,Page label not individually verified,body,189,77.17,37,raw_unverified,0106eba994b99bde182f6f057bd9d165c69388d9c5ca5d0217ca01dbf8745333
153,150,,Page label not individually verified,body,232,71.98,65,raw_unverified,05429838672692539e4f401c3ac9efce3a7b399bc5579d2e70518718652dd15a
154,151,,Page label not individually verified,body,43,66.3,14,raw_unverified,db5acf68af9c29361b1f400d91adad831e22375acce4004ce20cae6dd9325933
155,152,,Page label not individually verified,body,191,77.24,38,raw_unverified,03f10a93590bd82670b4555901b32bef719e6074fcf0e0f9858c5c71ad8f565a
156,153,,Page label not individually verified,body,282,72.16,79,raw_unverified,ba7fea48232625dca183a8d82649069c8f979bd33ac7a487d125b587f1c01f7c
157,154,,Page label not individually verified,body,315,76.73,67,raw_unverified,3258dc52d9aff289fda437007ada018d6350a5241d9bdf6341e4ff5de9501020
158,155,,Page label not individually verified,body,289,74.07,65,raw_unverified,8eb4ff50857047090d7c9bf9e557a0f4a21d9b606e69201bcfb43a59de44a89d
159,156,,Page label not individually verified,body,229,62.24,92,raw_unverified,a1760d301e01188fe5ffa2995792f6aeaf5de1ce9d750d5bdaf887f0ed8113f9
160,157,,Page label not individually verified,body,162,65.17,56,raw_unverified,26b93622fb026aed531832d4e344eb30f32db31fb35ff87888285524e911570b
161,158,,Page label not individually verified,body,297,67.57,102,raw_unverified,20eff98296f017ef8bff441b0d71c647bf97a9e62695914dc05e9d94ae84a568
162,159,,Page label not individually verified,body,192,68.41,56,raw_unverified,14172c8d76d1abecb9cb788fe19dafa5b25f22bd389222f5b1a0d29f7eb1c02a
163,160,,Page label not individually verified,body,196,69.65,55,raw_unverified,b1e054fe25f1f84323ef79959d9d6d26ff0a4ef96c9aefbfa11f11ec2fcd41f7
164,161,,Page label not individually verified,body,304,71.69,89,raw_unverified,b615764a5de0c4a87cb3646bd33ec809722a8daa69d9c45c87004df56d463bc9
165,162,,Page label not individually verified,body,277,77.81,53,raw_unverified,f900e24c49a06c8a8f3a0d4fd6380c812374185365a06cb46c25de6a76298f11
166,163,,Page label not individually verified,body,237,79.22,40,raw_unverified,445ca46aea46c05a1316d7a81b589d3f4846937bc70538a1d1ea549bec1f9c98
167,164,,Page label not individually verified,body,243,76.15,55,raw_unverified,b46e706de44688377b171b7d12744b7304c321c6cea9bfb99c0792a674b0125c
168,165,,Page label not individually verified,body,57,71.84,15,raw_unverified,09b3d37bdf952234f4ff80354d47410e26f5f3674c8438c8e329216b1585d2a3
169,166,,Page label not individually verified,body,243,70.81,72,raw_unverified,2edb13f9f88f886265e1e9816cbf5f917073758ac535e275f87c70e2c9138344
170,167,,Page label not individually verified,body,109,64.2,41,raw_unverified,037186df7d98295c1555bc2255c5b4bd0eaf8fccffb6b72dc9f55ef6e9ee0705
171,168,,Page label not individually verified,body,139,73.79,36,raw_unverified,3118958125bf943992fa7de8786b2b902b49298789a4b70c912c3bda31d8ada1
172,169,,Page label not individually verified,body,263,61.05,115,raw_unverified,0c35334deff014961192821dff2538a1c517abf9fcf462ed28070d4528a0c7d2
173,170,,Page label not individually verified,body,278,88.27,16,raw_unverified,dafaa940c9f9363365b330fcca141136234777161eed5a4b7aab2d7477ac0622
174,171,,Page label not individually verified,body,220,81.18,32,raw_unverified,9f4945ed14919067a1f4be35282e19e37c51dbeb992f0d75429b4d652cf84b01
175,172,,Page label not individually verified,body,262,85.71,21,raw_unverified,a300a0af86b169b967ca2799501c6299feb5fefb3cdde7c9e201416daa5d5ac1
176,173,,Page label not individually verified,body,190,85.61,21,raw_unverified,23a4226f864f75212a217f02a75e23bf40dd121767717c70b38880e4046896a8
177,174,,Page label not individually verified,body,315,84.43,31,raw_unverified,e4a2667f6a59c24c69a1b4495e59c38c48480357b5de8e52d49d30f088f9e00d
178,175,,Page label not individually verified,body,222,79.65,40,raw_unverified,6411f3828f8848b99c70383aa16cfa7cfb37e4080cb9c0ea5c7b7c3c02151f9e
179,176,,Page label not individually verified,body,249,85.41,27,raw_unverified,18030e00682f2451108c21d6730e7ee92904967cd7751233a9396a86adbdad95
180,177,,Page label not individually verified,body,277,79.03,53,raw_unverified,e1285d972bb615122ce699da09003ae474e066e0e7f8c299aab680c9dac55bd3
181,178,,Page label not individually verified,body,200,83.16,24,raw_unverified,43477fec8056848fb754392ddf45b25e8ad20e9d5fc2b735f15dc3b9e59ecde0
182,179,,Page label not individually verified,body,330,87.59,22,raw_unverified,a84c751b7067558ff4bf91ba91b15f7a1efb86aa00d08dbb8a189976543b0334
183,180,,Page label not individually verified,body,226,76.62,48,raw_unverified,7a0830dcb9017a1c863890f1e016985fa940fd6d367ee38799d5ca1a7461d12a
184,181,,Page label not individually verified,body,79,71.83,20,raw_unverified,b469e8e24d0fe293eaf9ae9611c8a149e6d4f5e230a551a8e6c457d4940a9c7d
185,182,,Page label not individually verified,body,302,82.7,33,raw_unverified,d6234bd3c9caff51a6d5a6ec28be53287b750e41a3ac5bd57eb1a99b2d9da6c6
186,183,,Page label not individually verified,body,270,84.55,28,raw_unverified,2170928cf401b2dc0fcb9de3a3689c97308afe8593279d24544edd76da714cbc
187,184,,Page label not individually verified,body,318,78.99,49,raw_unverified,0dc3042b2838b1b1338e9c1e40ba9b8022467787a91039a6c161c124f77f0489
188,185,,Page label not individually verified,body,333,73.81,79,raw_unverified,a1b301bd6779bace5bf259d38bcb738a5d9a86a1d939a12330b56d2ed54b8e06
189,186,,Page label not individually verified,body,213,81.19,30,raw_unverified,387bded9a27b2f4a4edf1ca8eae3a948252309bf98ede02a8d08dfe7f9bdf78b
190,187,,Page label not individually verified,body,206,79.75,36,raw_unverified,a8c79841d0786c90c1b83f09f0b31d1736c8eb191ceeaf2c073b625499949e5e
191,188,,Page label not individually verified,body,295,83.54,38,raw_unverified,e8c3ff6b2e93b849fdf532b6219a234c5c523ef1048271aaffd042a42be22cdd
192,189,,Page label not individually verified,body,297,81.54,43,raw_unverified,1e6e49372ff6f1a30cb6f7c38188444b041731170c89c8dfa342bc63a638d4b0
193,190,,Page label not individually verified,body,306,86.13,25,raw_unverified,c62e69887722b8f31d5752fe570406b2336279aac1db71629d828574c6b863a5
194,191,,Page label not individually verified,body,329,78.74,64,raw_unverified,361f19d27d809612c640814587a1449acc9f90bf0f52c2bcbde88bfd789bf006
195,192,,Page label not individually verified,body,275,80.48,45,raw_unverified,6b82683d135251d26459389f33e7cdc31b903f7b89e8c374f64277df3f056357
196,193,,Page label not individually verified,body,303,78.96,53,raw_unverified,749323866bc1286ebae1996cd72b61577fa799d25dc96fa375a13458d6942233
197,194,,Page label not individually verified,body,220,75.6,46,raw_unverified,b729486f768146682681b102610c0f4426a652da6f8742d270c1bbb1497cdddf
198,195,,Page label not individually verified,body,48,54.24,24,raw_unverified,ae24c3c5622e394dff670d49828fbe2599ebb0c38b498f5d139fc3220da48c2d
199,196,,Page label not individually verified,body,120,69.35,36,raw_unverified,4c70f5d14813b10e5173243e3d4a3dabc7e9a69eb742553e327d620055cd49cd
200,197,,Page label not individually verified,body,128,76.24,24,raw_unverified,1ed5b3fec7ca36a4e6229ceb0355257247d95b3d224c4e5307a1bd0e88aaadee
201,198,,Page label not individually verified,body,113,67.07,36,raw_unverified,b1536a0c3d91c3a8b314474c2288c887f555db9653004409084f30a390740875
202,199,,Page label not individually verified,body,275,60.07,119,raw_unverified,e12bc26354f740e02a411b58e22c5d5743aa0d47dff601eabadef8327fb629ee
203,200,,Page label not individually verified,body,346,74.54,83,raw_unverified,ae81518f5dfd625635c38da317dcc6c3357106ce7286dededcc7abc6f9d870a3
204,201,,Page label not individually verified,body,153,70.23,50,raw_unverified,4248f0d3f5e789e9bea80c2e27c95af773b41873d12cfe47699661011c14574a
205,202,,Page label not individually verified,body,97,71.33,27,raw_unverified,a6d0475b956e9957215536a58f7ddcd072aa5427c37220b05c950327e1a8d628
206,203,,Page label not individually verified,body,19,61.68,7,raw_unverified,7c8a05604264068da16fdc917f5c7622be1109bc478377206ca3cd9952bafce1
207,204,,Page label not individually verified,body,267,75.43,66,raw_unverified,b0ac2bcf9c817602f34faa6c375a24e569f0e8915aaf629c89bfde03e7ed7939
208,205,,Page label not individually verified,body,251,77.97,54,raw_unverified,655ce6f0bf889525d8e0befffd85ae5b8f82baabf659bf73fc6dbba10547705a
209,206,,Page label not individually verified,body,237,71.29,69,raw_unverified,58012649b1c7090db48be8793bb1ba3cf806af2a73a787317d37f0251462e596
210,207,,Page label not individually verified,body,284,75.82,64,raw_unverified,a94a72525a255adb12d1cfd5455ab1df4fb321322d4957c724b92dd5230fe008
211,208,,Page label not individually verified,body,67,69.8,21,raw_unverified,ea479f62b07bc243e3b6ddd74c65104743bf35951d40fcff1f3433d5307d4f38
212,209,,Page label not individually verified,body,236,72.23,64,raw_unverified,dbae6c686f3e9826dc48a1bb0f5cb5483a5c143c32c2b90a00d63696802fd0c7
213,210,,Page label not individually verified,body,252,66.32,94,raw_unverified,b0be0e0afe4f43480ea316eab271b6cbe8e1770599e542b40e5f0fb6c115b1cc
214,211,,Page label not individually verified,body,90,56.4,46,raw_unverified,0ee06d1b9bb8b9f5df3bb1e9ceb6354257a1de03fca2da6639abd6ce593494c3
215,212,,Page label not individually verified,body,38,62.88,15,raw_unverified,18099e117e4b4c4c142c908b3c554bdf2d84c150f41bb5392c12994b58fb6180
216,213,,Page label not individually verified,body,306,71.08,87,raw_unverified,fde3bbfd1f3f046c87df433f780c6fdf41d3d50fba5c3e1371b0ac07e22aa40f
217,214,,Page label not individually verified,body,302,70.22,89,raw_unverified,f0f96557e336d0413d77e1167f124ff83f85b629db560309ca42b0c5ccacb35d
218,215,,Page label not individually verified,body,195,67.01,65,raw_unverified,b27492fe45c968bb40c1c0d1db7c9e290006dbae736a92e492a90a81e677f403
219,216,,Page label not individually verified,body,81,62.04,35,raw_unverified,0615235392d73c9df469657317e592cf929b729e8830d2cb1b487c48277aac1d
220,217,,Page label not individually verified,body,250,70.48,68,raw_unverified,01ed22fe137dc0fa37ceb2082aaf9d736be8a0fb30c93c3462e009a3a80d7af4
221,218,,Page label not individually verified,body,286,79.19,50,raw_unverified,43f2877fa56cea2635d7f3d7798de79a1b1ee18730eb73ef2e7a9361cb433216
222,219,,Page label not individually verified,body,268,78.77,50,raw_unverified,9539c65d1c62645c8380aae069e8c728b82b8954d6b82a74efc831fd1d4180ed
223,220,,Page label not individually verified,body,147,75.42,38,raw_unverified,66d3255a633c8bf83cc068eededde74eae0b1e96d4607ad03a2441bea93a96d0
224,221,,Page label not individually verified,body,231,66.6,78,raw_unverified,674d4025ed20fdc8dcd2aba4919d90eee270a877c0e9c90eb891f7fabd2c8691
225,222,,Page label not individually verified,body,14,73.0,4,raw_unverified,6a1d06d5a5ddcc9e6b90f8fa793e9a1874d80bd3e4bfa0b83c1160b375a8cc28
226,223,,Page label not individually verified,body,256,78.28,49,raw_unverified,3da0028565591b3c65b32a7ee70d7ea6012ae2b2e670d4b03badf2c18a07c661
227,224,,Page label not individually verified,body,288,70.83,85,raw_unverified,5f8c490dca878fdc58027a375e0b98281baa206fc6625d29ec8de3565cd42440
228,225,,Page label not individually verified,body,98,65.66,33,raw_unverified,5b1744a5f604dd0497e20bce2bc667b68db91b20e5aac8042d1890c61a75c68e
229,226,,Page label not individually verified,body,272,71.5,75,raw_unverified,e4470f9c2f62b5595bf4e2fa9e996fcec510928d55d5e8cdb5e92c90ff9651ca
230,227,,Page label not individually verified,body,228,75.68,49,raw_unverified,b8dfca6cd9db606d765949de59c73ba6aa94237a83ed0f644d21718e80b11643
231,228,,Page label not individually verified,body,305,85.01,34,raw_unverified,398d51a661ca95cc35024df9b5b2affc7e3101d1fa94c47ae16ebc9bda69f576
232,229,,Page label not individually verified,body,251,84.79,28,raw_unverified,f1af19ac591d1b40054311d563d7f973911ae4f03a3dcb4ca79ae2812f3ae31f
233,230,,Page label not individually verified,body,287,79.6,48,raw_unverified,cce7173e43aecf512774cc3e26ab7a1c361a3c0dde394cc26675c1527cac69af
234,231,,Page label not individually verified,body,352,85.8,24,raw_unverified,ca758aee70940e973f365875725ce78eb1902e31450df7ae98347eba8ef644b8
235,232,,Page label not individually verified,body,221,81.79,33,raw_unverified,c2bab56ddf7e40019379a6b4f970640ed99032ff770941cd91c3c4491eb4b85f
236,233,,Page label not individually verified,body,281,81.47,36,raw_unverified,4702416cb61681a792098fa41c60ea39130d9350ac88eb689428cd7ce5a425df
237,234,,Page label not individually verified,body,340,85.02,41,raw_unverified,2350d0fe1576376608bcc606d0f404f1830c1a24049fa32ff4c6846da1cf4b01
238,235,,Page label not individually verified,body,314,76.06,66,raw_unverified,569d9a8c10a6478938861fa0d6d742a0fe5c57e707f36f225f9cc46a76d9b2bb
239,236,,Page label not individually verified,body,210,82.06,29,raw_unverified,bfb9b7e9e9d439bba916094fe7647678f0d3c981a3c69b14ae8b1b8014d9ccf7
240,237,,Page label not individually verified,body,263,80.26,47,raw_unverified,d970d1743405946106be2b7f30b78c1a7fbe81abb9397585fc16afb29d151338
241,238,,Page label not individually verified,body,317,77.93,53,raw_unverified,e3a053d7139150e70255a7ef365f50d6c469a17502c250756a4928e79fcd20e5
242,239,,Page label not individually verified,body,41,57.87,19,raw_unverified,8c68c54c7079a6a1a42d77c800a2aeb70627c067b00e7e9d90553eff9bc2f16e
243,240,,Page label not individually verified,body,312,77.73,61,raw_unverified,e0adf15e784c4732579ad4b3635a0010b0b505583d4c815634c2f8b626f44796
244,241,,Page label not individually verified,body,332,77.58,64,raw_unverified,f8eb964f19924d7513caad2ff8236c2a4fa4bc33175bb9669cab1dc7c2a2b43b
245,242,,Page label not individually verified,body,341,78.09,70,raw_unverified,96be759945294b4790a11cb716ad1f7d51ec90298bf8672a998156aa8bc45db7
246,243,,Page label not individually verified,body,310,80.78,46,raw_unverified,1f230b3f1297b5aa8dfaba7dd3d74773f99ec49888af61006491fd5b908983be
247,244,,Page label not individually verified,body,241,85.77,23,raw_unverified,a99b98a64a24914136a4ed15b5e6118ac1c56be77caf1dd86d21c807dafe9a39
248,245,,Page label not individually verified,body,251,87.36,16,raw_unverified,9c470e458488594aa88aa16cfe7964f3dcf292805320d8ae13fa733643088883
249,246,,Page label not individually verified,body,304,87.27,24,raw_unverified,08694e3fe319f0f3122a93c6e3b9df6a5193acc22fecd3f84a8d4781573cbacb
250,247,,Page label not individually verified,body,266,79.15,54,raw_unverified,aabd5a1e7b7081c218e1eb2ad1c503655aa1989fe90ea7df9c3c501d6cce2139
251,248,,Page label not individually verified,body,223,67.73,74,raw_unverified,5275ce0650e8fb91750a697a56cd8b67baa8add20beea3fc0c247e11915d131f
252,249,,Page label not individually verified,body,284,65.71,103,raw_unverified,0f556cb06e7b00ad68a21bc404e8a8f3f64700a848f6ea37a1d23f9a4e42a056
253,250,,Page label not individually verified,body,321,80.84,50,raw_unverified,5bf7f70bc6073f6ac6ec28fc3c3cb09a68ccb01bc2ea275a3641c3fedce00c39
254,251,,Page label not individually verified,body,271,71.86,74,raw_unverified,f5c35be56fe1085427dc497b3b0f7361fdcd081f35a8a42b1ebad7fd39e70a34
255,252,,Page label not individually verified,body,286,78.49,51,raw_unverified,3d7ab14271631229ce246184e6351563ebd51dcd2147d27df5b5e94cbb96a5c9
256,253,,Page label not individually verified,body,311,78.12,57,raw_unverified,e55a7c3afe39a2924f75b966ad7e312de82393668fcfd958ef96dc135deffe59
257,254,,Page label not individually verified,body,131,66.1,46,raw_unverified,dce8c42e770e5ebfed9db88fb8789141bed212224f36620003e9f97700955e95
258,255,,Page label not individually verified,body,297,73.02,81,raw_unverified,20c00ccc77dcef1e34a6c6f8dd87e1951ac3ee6b01f333a32afcf7a4b11cb826
259,256,,Page label not individually verified,body,175,77.71,34,raw_unverified,315eec6ac60e568e7654e076e22533bd3844fba05f727e13584ea4216c139a12
260,257,,Page label not individually verified,body,346,81.08,55,raw_unverified,a047a521fbb1af1baff5244b04ae66c336ef59a024d67cf374a0189525e475e9
261,258,,Page label not individually verified,body,317,85.33,35,raw_unverified,acaad2301bcecfb41ef23b3138943ebad35e78a503f442ddb1e15681b6916fcc
262,259,,Page label not individually verified,body,225,68.48,73,raw_unverified,9a2abd030d4c62dbbd67e5cf12c1529d9d2fe543a5dfb07b404662f32ed3a41e
263,260,,Page label not individually verified,body,26,73.25,6,raw_unverified,cd46d0c1a7da7956bc22c3c8f65bfc9dbaef5fdcbf06df604b628f3c02ce0294
264,261,,Page label not individually verified,body,303,72.08,85,raw_unverified,a3cd737aa4a20a7f65930db845f5fce7944787df58bcaf371974aba07e458189
265,262,,Page label not individually verified,body,46,69.65,15,raw_unverified,0fb9fdff27d9ce5c37566129b80c4f36497e37638ee8d566fc428c407ecc6a72
266,263,,Page label not individually verified,body,204,81.23,33,raw_unverified,ba744839ca524735bde0d7bbb014ef2f1f546557046e372f8b9365878d52be0c
267,264,,Page label not individually verified,body,176,83.26,20,raw_unverified,dabb85073730bced578fe8ad1b8614a3443ca159fbe8bb7fe9f5c2a57d511a72
268,265,,Page label not individually verified,body,384,77.72,73,raw_unverified,747d83dc5eb848487733022b5c43d4afc71003830f06b2598996731deb5e33b1
269,266,,Page label not individually verified,body,319,80.27,52,raw_unverified,1444f67c42665a0f1e26b2570e29ddcc4f943777714e64350780db2ddd7033c0
270,267,,Page label not individually verified,body,323,72.38,95,raw_unverified,4133171f2162c9e6a34d1063aaeb16778b6765d7a5a1d41eec587cf0baf8c2c5
271,268,,Page label not individually verified,body,331,72.79,90,raw_unverified,749f7a333e7bca42dad150365c259e6e974434a249a96d7638ae58518479ffd4
272,269,,Page label not individually verified,body,212,72.75,59,raw_unverified,81f29b419478849cf92ebcc814a3750720f7f1a6ca168d72b83a87ac73103269
273,270,,Page label not individually verified,body,222,76.38,49,raw_unverified,b47b4a330098418949b2820e912fb6f54b0fe8b84c4cbbd814181f799c650765
274,271,,Page label not individually verified,body,199,61.95,86,raw_unverified,3b4658821269b5a0ab40851f1f3379411225403adb30e0b100c6629b5a6dedc0
275,272,,Page label not individually verified,body,276,72.2,73,raw_unverified,9b15281eb952b1614f9fc418e8d3e4ad1c31c982fa9516d1cce03ff3504328d7
276,273,,Page label not individually verified,body,233,73.92,60,raw_unverified,96f76bd5aa51114c447ccccebf7efe8859a58aa74adb7b048bc715e6b0c4b6e1
277,274,,Page label not individually verified,body,320,77.84,62,raw_unverified,a91016c9cdbeb69996b2f94a5147b81c9f2f55f6034e75e254b2afa36253f40b
278,275,,Page label not individually verified,body,32,74.53,8,raw_unverified,65813f8e8c9f96cb6ac1b7208c9bbeda897e510c7c4a6738a765549a5c8915bf
279,276,,Page label not individually verified,body,294,78.54,53,raw_unverified,59fb635a2e9da2caf2a8faa4ec09069b1dcd2f79e1cf5f8dd67310fbf7400f70
280,277,,Page label not individually verified,body,248,68.29,81,raw_unverified,3db2f8cfd5cd570478b2c83a63cb6e20961318cb1522ead49c4c32fdaa42cf45
281,278,,Page label not individually verified,body,358,80.22,69,raw_unverified,a57573f6b6ece75ec442ed2674c912804e73512f82e2e2bb2312e7ab70d7c067
282,279,,Page label not individually verified,body,269,77.07,55,raw_unverified,d07e8c8ba55a4bf9eb134debf8b8333a8ca13249e3e77820e56dc83cfbaaa39d
283,280,,Page label not individually verified,body,289,62.7,112,raw_unverified,62df79ced36c656ab7ef0a925df99ba1f553b7acc6f8f07a0b8f96738da86e62
284,281,,Page label not individually verified,body,111,80.86,20,raw_unverified,8c0d465b471d383e01d5297f5e426aa319c8112a9161d179888dab344806eb8b
285,282,,Page label not individually verified,body,184,70.12,55,raw_unverified,6071569dd52971eca630b7422c73f226e71ca287533aedf6cf294d15e4335c02
286,283,,Page label not individually verified,body,7,51.56,5,raw_unverified,1058e70546c9f06211b9c5454e69823b3aa919d74d3fb671b678afaf52a244b8
287,284,,Page label not individually verified,body,271,81.99,36,raw_unverified,d8542ea17f6887c1192497d9c814c99e93d29aa2e95e870ab0a2ee2859798d26
288,285,,Page label not individually verified,body,241,78.03,44,raw_unverified,8cbdbc0cf006e4ddf1cdd4b8e9a8bb7686b7b38eeabf73e150e64d26ffb14334
289,286,,Page label not individually verified,body,133,70.38,43,raw_unverified,8cc244e32a77211fa2738b821bac32e9d082e7f1ec68b59df41ccb02ed441d1c
290,287,,Page label not individually verified,body,220,72.21,58,raw_unverified,3ae90f926ecdc0074a1a1f2077d0e89c4cc9ef00d6823ea3fda85e311da1419b
291,288,,Page label not individually verified,body,232,72.28,70,raw_unverified,b14a167c423923c7feec4ec8b426d9ef1aa24fc768edb21289b6b10b05996bdd
292,289,,Page label not individually verified,body,136,78.46,23,raw_unverified,4a31765e135a0e1b9de2a163dd7ec5743b469515b086cfe8b64ba5c54b3bc902
293,290,,Page label not individually verified,body,226,72.86,63,raw_unverified,5c07412f5dc3585d17e227482d869df5779fde7ccb225bccc20ee033ddf7951d
294,291,,Page label not individually verified,body,203,67.91,64,raw_unverified,7c5ab9810341639c6500e533015b48879ed3dae0b39c4d9c89a84575531aaca3
295,292,,Page label not individually verified,body,285,81.63,41,raw_unverified,2676cbf52ec01bab41db3c9f14ed774b4aea2bcaea9dbc2af644e9ac70c1c2fc
296,293,,Page label not individually verified,body,30,66.63,9,raw_unverified,939be3612e6483872810e77c3c44a076cd7c3c878c4d252c7e61bb629305313d
297,294,,Page label not individually verified,body,137,62.88,57,raw_unverified,0b68293b4546e89fa00015a8fa60bf9e767716c7930cf02d4fcd7951f022d9ec
298,295,,Page label not individually verified,body,312,80.24,54,raw_unverified,372065461674d56e3abdd30c563a2bab3df8434509843678386117432fb034bd
299,296,,Page label not individually verified,body,146,72.49,44,raw_unverified,d95ddeeb38cb8269873978bee967b9a74ba09f37fece0ebd192f21ab563d46a3
300,297,,Page label not individually verified,body,171,74.86,41,raw_unverified,0ed6ec6e8c4219b1521cde272b655a29d7957caf7f04dabc3660ac7acd0b3c5e
301,298,,Page label not individually verified,body,250,82.4,33,raw_unverified,5fdca5a12d6b942b554ca3c8d4ad359c75e5997aa2a9e5200b4e909c6ec897f1
302,299,,Page label not individually verified,body,131,74.13,31,raw_unverified,faef2f41623d161ad4b2180119cbe9c6e8e4f3d39dffccc421a15853a5b325e7
303,300,,Page label not individually verified,body,124,72.3,36,raw_unverified,d807885244a3baf5714e9f48486a6ec755d7e38dbcbb46c9c29456a66b709824
304,301,,Page label not individually verified,body,117,72.63,29,raw_unverified,1a3b28e3c096d507239d813feb0f61b73df4539aaae06d758fd03ac45657148d
305,302,,Page label not individually verified,body,148,62.57,60,raw_unverified,3672388163896519ebabe5b3992b060efcdcf9ad9502eae5e6f4ebf488beab27
306,303,,Page label not individually verified,body,230,66.31,82,raw_unverified,e21a89530769144eb82537daca39e48d40c3234a257c9e7d1d5ff5307577ed5a
307,304,,Page label not individually verified,body,153,81.05,21,raw_unverified,109cced427b1dccf678c22726b271b2be7f68a5358620315c5ab3f1a4d909077
308,305,,Page label not individually verified,body,353,79.46,62,raw_unverified,0795c0cb64592c6bcd34e9a080b3e912055de753c9e7197dd8ce5960b242ca69
309,306,,Page label not individually verified,body,146,72.14,36,raw_unverified,2912133e23b7096445b953c67226eef2e8a670384f0f14b872d0388110cded7c
310,307,,Page label not individually verified,body,319,79.68,55,raw_unverified,43ad97a2ac4f69d63cbbb10649ecc44c38d9a7a458deef89a9bb5ef683283f29
311,308,,Page label not individually verified,body,276,70.98,78,raw_unverified,6609dca12473352b61e7827631cf5d8f34a4753324898203d50d327308b39394
312,309,,Page label not individually verified,body,140,72.87,33,raw_unverified,2f8219e6d81e9a05275b6dd736b689cbd0448ec3d97c2de7d93d0dfc10bfa0c9
313,310,,Page label not individually verified,body,182,82.68,26,raw_unverified,08b37e23866af72b6bda717d0db896f1853b6e4cfac11437419f18ef996e7465
314,311,309,Printed 309; sequence position 311; see editorial inventory,body,264,82.47,33,raw_unverified,4a7629e2bed654242d9939e5e507f13696e369c3cb15e5131df4d96d5a8c91c9
315,312,,Page label not individually verified,body,349,80.64,60,raw_unverified,8a4cc4d1cd463a63001f20519f83e5eed472a7fb6200f420072d3e917774241c
316,313,,Page label not individually verified,body,217,74.26,47,raw_unverified,3975b5e2f5e1f246e87624cb5e29a5b7fe7092f99a66b9059875bf5d1ad05924
317,314,,Page label not individually verified,body,59,59.28,27,raw_unverified,c9bc7bf4e726a24e4da704b1e447ae3972efe9259d98a0d7dd9cc16a7c9cb0c5
318,315,,Page label not individually verified,body,284,68.58,94,raw_unverified,bad867acaad2c489f90e156de1fade8688baad5b78cbbd2ed2cadd1d288e8faf
319,316,,Page label not individually verified,body,287,63.41,117,raw_unverified,5dcd7e99037adf642ad0367c235ad6d59d5326b4eff3b590c131b3c807f10f68
320,317,,Page label not individually verified,body,326,77.27,67,raw_unverified,813cfce65b22099dafea217fdc58f368eeb1bdb3e41bad6a53b1baa19697ba50
321,318,,Page label not individually verified,body,330,81.0,60,raw_unverified,8c37642971956f6c9d46442e7f353395aab8781affa70176b402b870be457116
322,319,,Page label not individually verified,body,319,71.73,82,raw_unverified,21fab9d83916607fae5861bbe952db5956a7bd94b1095276d76cb9e5e8902c32
323,320,,Page label not individually verified,body,222,88.52,13,raw_unverified,6aa5271d58d05e2555e7c8b727dfeb9c5623d6e399c489c06c4e398aea20ab7b
324,321,,Page label not individually verified,index,124,70.84,37,raw_unverified,0db4d29997e7deb14266de0e8f422ecddc425c3e42997f41378aa682aa8629f8
325,322,,Page label not individually verified,index,52,86.66,4,raw_unverified,f87ea312f7b75ddb9951cef371ded6e68e9818a74d756990c72f1341310062b8
326,,,Page label not individually verified,binding_notice,55,87.23,2,raw_unverified,0e3c77d8d6ab0f1bf44672f2608689e3d58e3ef429cfa4d6fdc956d3f89dc96f
327,,,Page label not individually verified,plate,45,53.47,22,raw_unverified,921d87d3606fda50e8f08bfa7ca90ea09df057bd0c658eedccb41841b7381f8c
328,,,Page label not individually verified,plate,0,,0,raw_unverified,e3b0c44298fc1c149afbf4c8996fb92427ae41e4649b934ca495991b7852b855
329,,,Page label not individually verified,plate,8,38.44,5,raw_unverified,e4a73a957e97f63235bc0c3084d3f22a65259baf89645e533c3fcb2e66a986c6
330,,,Page label not individually verified,plate,27,59.19,11,raw_unverified,a52472f6e9f05fd31bc39d9a394b24d77d060af8329997b1efa1cfe749a0f102
331,,,Page label not individually verified,plate,2,41.73,1,raw_unverified,1d23bac5f2618d3f0a000442c67926b56f4a2f3ed9791aa939e9a1cd8a5256aa
